name,region,year,population,Deaths,income,lifeExpectancy
East Midlands,Cardiovascular diseases,1990,5576.831712,306.5996475,325.4963406,5251.335406
East Midlands,Neoplasms,1990,4261.395486,182.4547142,143.8938301,4117.501671
East Midlands,other conditions,1990,16783.73341,211.8711892,11019.08876,5764.64584
East Midlands,Cardiovascular diseases,1991,5499.358084,304.2229623,319.7430488,5179.615069
East Midlands,Neoplasms,1991,4292.731655,183.9118889,147.750222,4144.981449
East Midlands,other conditions,1991,16726.61795,213.0698928,11037.49998,5689.119161
East Midlands,Cardiovascular diseases,1992,5317.976368,295.6257073,314.4438095,5003.532592
East Midlands,Neoplasms,1992,4230.587379,182.1344993,149.407184,4081.180211
East Midlands,other conditions,1992,16510.52869,210.1094795,11053.02683,5457.50306
East Midlands,Cardiovascular diseases,1993,5194.956127,290.1765774,309.6393076,4885.316853
East Midlands,Neoplasms,1993,4207.910678,181.5117925,153.0700961,4054.840598
East Midlands,other conditions,1993,16469.31006,213.3715474,11066.75652,5402.55474
East Midlands,Cardiovascular diseases,1994,4919.720676,275.6114463,305.8093944,4613.911314
East Midlands,Neoplasms,1994,4106.865089,177.5486374,152.6784312,3954.186675
East Midlands,other conditions,1994,16381.33402,211.2268116,11078.54424,5302.790973
East Midlands,Cardiovascular diseases,1995,4766.007346,267.1601007,303.1376491,4462.86973
East Midlands,Neoplasms,1995,4044.526012,175.1699922,154.9002626,3889.625766
East Midlands,other conditions,1995,16358.55234,212.2721353,11079.8226,5278.730931
East Midlands,Cardiovascular diseases,1996,4604.161695,258.1316551,301.2505747,4302.911153
East Midlands,Neoplasms,1996,3978.346319,172.5752844,155.6176779,3822.728658
East Midlands,other conditions,1996,16390.9886,212.6255981,11095.46905,5295.520744
East Midlands,Cardiovascular diseases,1997,4449.060194,249.6631527,299.3719068,4149.688319
East Midlands,Neoplasms,1997,3926.096195,170.7765441,156.2513521,3769.84486
East Midlands,other conditions,1997,16365.69971,213.075201,11112.34368,5253.357228
East Midlands,Cardiovascular diseases,1998,4317.897301,243.0081565,297.5019258,4020.395407
East Midlands,Neoplasms,1998,3877.596471,169.5614729,158.0482424,3719.548246
East Midlands,other conditions,1998,16359.82094,213.6316037,11130.19676,5229.625374
East Midlands,Cardiovascular diseases,1999,4222.328658,237.8353061,295.5468947,3926.781796
East Midlands,Neoplasms,1999,3878.622436,169.7868955,160.5592081,3718.063245
East Midlands,other conditions,1999,16462.63659,217.0201893,11143.80838,5318.829412
East Midlands,Cardiovascular diseases,2000,3978.783859,224.2631273,293.3277035,3685.456187
East Midlands,Neoplasms,2000,3773.357279,165.2631642,160.4280964,3612.9292
East Midlands,other conditions,2000,16361.91879,211.9997754,11147.99174,5213.928261
East Midlands,Cardiovascular diseases,2001,3762.812995,213.8241819,289.9199071,3472.893119
East Midlands,Neoplasms,2001,3656.933404,161.1284572,160.2349189,3496.698502
East Midlands,other conditions,2001,16198.41573,204.7319049,11148.80822,5049.608715
East Midlands,Cardiovascular diseases,2002,3708.742759,211.5822159,284.8379255,3423.904864
East Midlands,Neoplasms,2002,3680.733481,162.9912921,163.7816455,3516.951853
East Midlands,other conditions,2002,16187.92057,206.076796,11150.08833,5037.833446
East Midlands,Cardiovascular diseases,2003,3585.100791,204.6123915,279.1562473,3305.944574
East Midlands,Neoplasms,2003,3675.711726,163.0639308,166.9313403,3508.780404
East Midlands,other conditions,2003,16208.36604,206.7088415,11157.59191,5050.775334
East Midlands,Cardiovascular diseases,2004,3352.697931,190.7454448,274.0323032,3078.665657
East Midlands,Neoplasms,2004,3591.415558,159.4550653,166.2172732,3425.198302
East Midlands,other conditions,2004,16055.22722,201.0749269,11157.1165,4898.111934
East Midlands,Cardiovascular diseases,2005,3172.584182,180.2676489,270.3726602,2902.211551
East Midlands,Neoplasms,2005,3516.310607,156.852547,166.1878761,3350.122749
East Midlands,other conditions,2005,15953.39738,198.3554523,11154.33225,4799.066333
East Midlands,Cardiovascular diseases,2006,3064.173601,173.0414378,268.0079001,2796.16573
East Midlands,Neoplasms,2006,3513.796625,156.9368253,167.8693832,3345.92726
East Midlands,other conditions,2006,15950.12711,198.0255055,11132.89259,4817.235719
East Midlands,Cardiovascular diseases,2007,2916.586981,164.177792,266.1152207,2650.471789
East Midlands,Neoplasms,2007,3478.154697,155.502094,168.1506231,3310.004092
East Midlands,other conditions,2007,15856.43748,195.1484152,11090.42812,4766.010561
East Midlands,Cardiovascular diseases,2008,2814.789693,157.8012868,264.6978381,2550.091883
East Midlands,Neoplasms,2008,3459.052187,154.8065886,170.7099139,3288.342292
East Midlands,other conditions,2008,15771.29019,193.9944942,11041.50326,4729.788124
East Midlands,Cardiovascular diseases,2009,2693.584927,149.6022011,263.6166426,2429.968313
East Midlands,Neoplasms,2009,3408.681939,152.7999667,169.8721115,3238.809846
East Midlands,other conditions,2009,15611.58956,189.6564863,11001.6426,4609.948153
East Midlands,Cardiovascular diseases,2010,2566.729264,143.1175286,262.9427766,2303.786516
East Midlands,Neoplasms,2010,3316.44501,149.8147898,168.1269051,3148.318123
East Midlands,other conditions,2010,15364.65593,184.482476,10986.70675,4377.950368
East Midlands,Cardiovascular diseases,2011,2460.477848,138.4147682,262.4201289,2198.057747
East Midlands,Neoplasms,2011,3252.958811,148.484031,166.1660833,3086.792745
East Midlands,other conditions,2011,15252.89376,182.647411,10991.10645,4261.788495
East Midlands,Cardiovascular diseases,2012,2397.658458,136.6475672,262.0202574,2135.638229
East Midlands,Neoplasms,2012,3219.562604,148.2791031,165.4195157,3054.143106
East Midlands,other conditions,2012,15218.82256,183.8367053,10998.06698,4220.756765
East Midlands,Cardiovascular diseases,2013,2373.199062,135.7749376,261.6550436,2111.544046
East Midlands,Neoplasms,2013,3214.225594,148.801795,166.8706737,3047.354938
East Midlands,other conditions,2013,15210.09835,185.3688616,11003.17404,4206.925502
East Midlands,Cardiovascular diseases,2014,2317.236081,132.6027827,261.5371697,2055.698939
East Midlands,Neoplasms,2014,3187.278056,147.9681572,166.8496077,3020.428466
East Midlands,other conditions,2014,15190.02878,184.4920745,11006.82138,4183.208594
East Midlands,Cardiovascular diseases,2015,2316.858066,132.3169753,261.5607014,2055.297393
East Midlands,Neoplasms,2015,3197.919756,148.9325256,168.0408135,3029.878961
East Midlands,other conditions,2015,15192.97251,186.2085035,11005.32174,4187.651955
East Midlands,Cardiovascular diseases,2016,2307.571046,130.4263127,262.9072158,2044.663859
East Midlands,Neoplasms,2016,3210.479886,149.2778432,169.7945013,3040.685403
East Midlands,other conditions,2016,15196.96225,185.6246154,11007.68367,4189.279768
East Midlands,Cardiovascular diseases,2017,2293.972397,128.7363744,264.3405356,2029.63189
East Midlands,Neoplasms,2017,3211.281792,149.0563672,170.6129107,3040.6689
East Midlands,other conditions,2017,15199.26542,185.1543208,11012.49518,4186.771431
East Midlands,Cardiovascular diseases,2018,2345.499289,132.408866,264.8090841,2080.690234
East Midlands,Neoplasms,2018,3252.463516,151.0388457,172.5116107,3079.951924
East Midlands,other conditions,2018,15251.58739,186.8499557,11040.35578,4211.232797
East Midlands,Cardiovascular diseases,2019,2349.381006,132.6901969,265.2523008,2084.128734
East Midlands,Neoplasms,2019,3254.669223,151.1421798,172.6437709,3082.025471
East Midlands,other conditions,2019,15253.60333,185.2160839,11110.19641,4143.408125
East of England,Cardiovascular diseases,1990,4981.512453,281.7112975,336.3025869,4645.209902
East of England,Neoplasms,1990,4133.566926,178.8374153,154.3900164,3979.176927
East of England,other conditions,1990,15998.53701,196.5780025,10927.07149,5071.466701
East of England,Cardiovascular diseases,1991,4848.076861,275.4767472,329.7733876,4518.303509
East of England,Neoplasms,1991,4063.816965,176.4284548,156.4625906,3907.354392
East of England,other conditions,1991,15858.06256,194.2968941,10941.51402,4916.549725
East of England,Cardiovascular diseases,1992,4642.637495,265.1830842,323.5756551,4319.061875
East of England,Neoplasms,1992,3950.787862,172.6110879,157.5051919,3793.282687
East of England,other conditions,1992,15674.09194,190.6102668,10954.09229,4720.000835
East of England,Cardiovascular diseases,1993,4572.99578,261.913513,317.9275127,4255.068301
East of England,Neoplasms,1993,3955.597462,172.6120167,162.3812162,3793.216263
East of England,other conditions,1993,15734.90606,195.4197249,10965.33599,4769.571259
East of England,Cardiovascular diseases,1994,4346.940611,249.2534743,313.3320426,4033.608602
East of England,Neoplasms,1994,3869.240497,168.7645559,162.548048,3706.692466
East of England,other conditions,1994,15707.7673,194.0038414,10975.14544,4732.623042
East of England,Cardiovascular diseases,1995,4262.063465,244.8636273,310.0418274,3952.021671
East of England,Neoplasms,1995,3861.552083,168.3332945,166.1031076,3695.448993
East of England,other conditions,1995,15719.65628,196.6481912,10974.3459,4745.311569
East of England,Cardiovascular diseases,1996,4104.037732,235.9140718,307.4322771,3796.605488
East of England,Neoplasms,1996,3773.547544,164.9140434,166.108119,3607.439443
East of England,other conditions,1996,15684.58219,195.6305825,10989.72902,4694.854353
East of England,Cardiovascular diseases,1997,3931.017515,226.0462061,304.5897371,3626.427811
East of England,Neoplasms,1997,3690.314068,161.6083126,166.2485107,3524.065575
East of England,other conditions,1997,15644.62548,194.5032004,11008.30881,4636.317851
East of England,Cardiovascular diseases,1998,3839.318514,221.7172917,301.4917309,3537.826816
East of England,Neoplasms,1998,3688.199546,161.8712111,169.784575,3518.414989
East of England,other conditions,1998,15685.09791,195.8931043,11029.53623,4655.562874
East of England,Cardiovascular diseases,1999,3699.973,214.2770851,298.3677358,3401.605297
East of England,Neoplasms,1999,3618.036133,159.9018955,170.5673707,3447.468781
East of England,other conditions,1999,15626.73377,195.0904782,11046.53789,4580.197075
East of England,Cardiovascular diseases,2000,3564.618659,206.01456,295.0946909,3269.524
East of England,Neoplasms,2000,3575.221092,158.1414082,171.6932185,3403.527892
East of England,other conditions,2000,15588.13524,192.6127522,11052.4768,4535.659632
East of England,Cardiovascular diseases,2001,3423.645885,198.6066441,290.6481773,3132.997739
East of England,Neoplasms,2001,3525.358023,156.0743305,172.8522996,3352.505742
East of England,other conditions,2001,15532.26405,188.4069665,11054.21944,4478.045804
East of England,Cardiovascular diseases,2002,3314.453264,193.3471855,284.6199559,3029.833339
East of England,Neoplasms,2002,3497.067229,155.5935124,174.5958455,3322.471402
East of England,other conditions,2002,15496.41178,187.8051698,11056.1692,4440.243776
East of England,Cardiovascular diseases,2003,3191.646999,186.7865792,278.0555256,2913.591503
East of England,Neoplasms,2003,3467.492932,154.5539741,176.6455256,3290.847425
East of England,other conditions,2003,15481.75015,187.1891425,11062.79204,4418.959299
East of England,Cardiovascular diseases,2004,2997.162262,174.7738335,272.1444045,2725.017887
East of England,Neoplasms,2004,3379.08039,150.9190109,174.8723338,3204.208075
East of England,other conditions,2004,15351.93166,181.6810912,11062.51706,4289.415794
East of England,Cardiovascular diseases,2005,2865.668961,166.8312513,267.9471928,2597.721798
East of England,Neoplasms,2005,3334.543099,149.2794123,175.3536273,3159.18949
East of England,other conditions,2005,15322.00554,180.5725347,11061.11459,4260.892151
East of England,Cardiovascular diseases,2006,2704.860513,156.4880184,265.2416764,2439.618866
East of England,Neoplasms,2006,3259.108981,146.2463585,174.6332437,3084.475757
East of England,other conditions,2006,15228.17176,176.663177,11042.28196,4185.890989
East of England,Cardiovascular diseases,2007,2602.961668,149.7092432,263.0937411,2339.867956
East of England,Neoplasms,2007,3251.806877,146.0786169,175.3215506,3076.485345
East of England,other conditions,2007,15171.36918,175.2626039,11002.45473,4168.915631
East of England,Cardiovascular diseases,2008,2521.326304,144.4436257,261.4090633,2259.917269
East of England,Neoplasms,2008,3246.035442,145.8374682,177.8255943,3068.209867
East of England,other conditions,2008,15100.14199,174.4120902,10954.60553,4145.537635
East of England,Cardiovascular diseases,2009,2396.583468,136.660374,260.310031,2136.273465
East of England,Neoplasms,2009,3175.6964,143.1282093,176.3139603,2999.382459
East of England,other conditions,2009,14945.90743,170.3706181,10916.1463,4029.762306
East of England,Cardiovascular diseases,2010,2321.361727,132.402034,259.6206929,2061.741062
East of England,Neoplasms,2010,3132.185436,141.8996353,175.9309338,2956.254521
East of England,other conditions,2010,14834.11796,168.6485578,10901.43236,3932.686775
East of England,Cardiovascular diseases,2011,2210.587382,126.9358332,259.2618815,1951.325528
East of England,Neoplasms,2011,3066.212901,140.3403995,173.4394828,2892.773437
East of England,other conditions,2011,14725.79059,166.2487641,10904.55029,3821.241477
East of England,Cardiovascular diseases,2012,2157.766935,125.2029384,259.0541825,1898.71278
East of England,Neoplasms,2012,3049.239697,140.6604599,172.68981,2876.549906
East of England,other conditions,2012,14666.82511,166.9386129,10909.35723,3757.469061
East of England,Cardiovascular diseases,2013,2146.143699,124.7562944,258.947688,1887.196039
East of England,Neoplasms,2013,3064.091085,141.7189182,174.4302964,2889.660807
East of England,other conditions,2013,14675.52623,169.0529403,10912.1651,3763.362314
East of England,Cardiovascular diseases,2014,2114.818692,122.7473148,258.8879145,1855.930805
East of England,Neoplasms,2014,3058.583433,142.0785595,174.3020973,2884.281355
East of England,other conditions,2014,14668.59746,169.3285228,10914.67901,3753.91963
East of England,Cardiovascular diseases,2015,2089.574995,121.282435,259.0315019,1830.543522
East of England,Neoplasms,2015,3043.580509,142.0528179,174.3277998,2869.252728
East of England,other conditions,2015,14624.73099,169.7901887,10914.93979,3709.792381
East of England,Cardiovascular diseases,2016,2086.649975,119.2709954,260.6486707,1826.001332
East of England,Neoplasms,2016,3071.460884,142.8438607,176.1162913,2895.344611
East of England,other conditions,2016,14664.03749,169.8539169,10926.79676,3737.241908
East of England,Cardiovascular diseases,2017,2056.587953,116.892964,262.2551477,1794.332834
East of England,Neoplasms,2017,3036.979052,140.9866886,175.2053451,2861.773726
East of England,other conditions,2017,14642.80017,168.1938452,10943.17759,3699.623765
East of England,Cardiovascular diseases,2018,2093.341596,119.9222796,262.3977367,1830.943887
East of England,Neoplasms,2018,3065.994571,142.7101825,176.6270032,2889.367587
East of England,other conditions,2018,14693.6751,169.4568654,10974.81743,3718.858855
East of England,Cardiovascular diseases,2019,2091.409225,119.8044024,262.1414359,1829.267817
East of England,Neoplasms,2019,3059.892017,142.5246791,176.3238773,2883.568159
East of England,other conditions,2019,14702.63136,167.7291455,11048.77366,3653.858896
Greater London,Cardiovascular diseases,1990,5360.810891,284.9544501,344.724898,5016.08603
Greater London,Neoplasms,1990,4488.701698,188.6831081,151.3507932,4337.350921
Greater London,other conditions,1990,17403.93385,223.4505111,11178.34034,6225.594719
Greater London,Cardiovascular diseases,1991,5274.20031,281.010539,339.2582158,4934.942131
Greater London,Neoplasms,1991,4463.8915,188.3225274,153.2875418,4310.603975
Greater London,other conditions,1991,17315.80607,222.9525938,11198.87021,6116.937063
Greater London,Cardiovascular diseases,1992,5064.54859,271.0134707,333.9256363,4730.62299
Greater London,Neoplasms,1992,4361.845022,184.7701877,153.7503644,4208.094675
Greater London,other conditions,1992,17131.49362,219.543423,11216.41648,5915.078346
Greater London,Cardiovascular diseases,1993,4999.621028,269.2095972,328.9960345,4670.625029
Greater London,Neoplasms,1993,4361.793937,185.0601015,157.4037152,4204.390239
Greater London,other conditions,1993,17171.97826,225.5224607,11231.74691,5940.232562
Greater London,Cardiovascular diseases,1994,4840.399155,259.5234715,324.8792631,4515.519927
Greater London,Neoplasms,1994,4312.939714,183.0714693,157.3861473,4155.553584
Greater London,other conditions,1994,17173.67394,225.8611706,11243.24035,5930.4348
Greater London,Cardiovascular diseases,1995,4781.511993,256.5098084,321.7585455,4459.753482
Greater London,Neoplasms,1995,4317.098491,183.2318115,160.6464005,4156.452107
Greater London,other conditions,1995,17192.10392,229.6222093,11242.42703,5949.678104
Greater London,Cardiovascular diseases,1996,4598.898829,246.6533678,319.1296249,4279.769238
Greater London,Neoplasms,1996,4235.502764,179.966345,160.7696481,4074.733134
Greater London,other conditions,1996,17089.23127,227.1638616,11260.52421,5828.708284
Greater London,Cardiovascular diseases,1997,4360.38128,234.1084384,316.2313633,4044.149951
Greater London,Neoplasms,1997,4109.026046,175.3134032,159.7465863,3949.279477
Greater London,other conditions,1997,16935.36783,222.8103834,11287.82223,5647.546818
Greater London,Cardiovascular diseases,1998,4248.585348,227.7237656,313.0252302,3935.560151
Greater London,Neoplasms,1998,4070.662844,174.1953804,161.6331266,3909.029735
Greater London,other conditions,1998,16923.70626,221.8037381,11318.46573,5605.241748
Greater London,Cardiovascular diseases,1999,4076.729699,219.8477606,309.638775,3767.090958
Greater London,Neoplasms,1999,3980.511399,171.4142018,162.1709874,3818.340429
Greater London,other conditions,1999,16882.61957,220.7488536,11341.88301,5540.737787
Greater London,Cardiovascular diseases,2000,3921.814666,212.1052237,306.0619151,3615.752784
Greater London,Neoplasms,2000,3918.148307,168.9559558,162.8306332,3755.317692
Greater London,other conditions,2000,16762.98456,217.0603658,11345.65333,5417.332462
Greater London,Cardiovascular diseases,2001,3749.091282,202.7379485,300.9757649,3448.11555
Greater London,Neoplasms,2001,3821.360924,164.989199,162.7181706,3658.642771
Greater London,other conditions,2001,16643.26747,209.4881862,11333.09282,5310.175872
Greater London,Cardiovascular diseases,2002,3620.705499,196.5459898,293.869959,3326.835572
Greater London,Neoplasms,2002,3764.748156,163.2917547,163.8561016,3600.892073
Greater London,other conditions,2002,16495.18731,206.4105531,11311.51664,5183.671893
Greater London,Cardiovascular diseases,2003,3483.356532,190.193734,286.1084943,3197.248068
Greater London,Neoplasms,2003,3699.301774,161.1773566,165.1314972,3534.170295
Greater London,other conditions,2003,16392.56932,204.8370171,11292.08971,5100.480826
Greater London,Cardiovascular diseases,2004,3226.200535,176.1011058,279.1452187,2947.055347
Greater London,Neoplasms,2004,3554.128563,155.50522,162.1467786,3391.981802
Greater London,other conditions,2004,16102.56171,195.7948058,11268.49394,4834.06899
Greater London,Cardiovascular diseases,2005,3031.410639,164.530933,274.267543,2757.143126
Greater London,Neoplasms,2005,3439.622619,150.8239923,160.5435436,3279.079093
Greater London,other conditions,2005,15950.59063,190.0981331,11252.78674,4697.805102
Greater London,Cardiovascular diseases,2006,2900.737796,155.8175416,271.2639544,2629.47387
Greater London,Neoplasms,2006,3411.434448,149.0386108,161.4767673,3249.957698
Greater London,other conditions,2006,15884.19873,186.7567728,11227.73706,4656.462884
Greater London,Cardiovascular diseases,2007,2727.400857,146.2370376,269.0171296,2458.383756
Greater London,Neoplasms,2007,3318.912455,145.4011995,160.6970118,3158.21546
Greater London,other conditions,2007,15699.07077,181.4930362,11183.33491,4515.737063
Greater London,Cardiovascular diseases,2008,2635.568656,141.1504692,267.3544589,2368.214226
Greater London,Neoplasms,2008,3282.966532,144.3008454,162.8485238,3120.118026
Greater London,other conditions,2008,15575.11433,179.5838218,11133.04013,4442.075408
Greater London,Cardiovascular diseases,2009,2490.076374,132.8862847,266.3274131,2223.74899
Greater London,Neoplasms,2009,3187.574877,140.563385,161.4404411,3026.134454
Greater London,other conditions,2009,15401.05175,174.1028444,11092.7604,4308.292546
Greater London,Cardiovascular diseases,2010,2407.887046,128.2384219,265.7761652,2142.11091
Greater London,Neoplasms,2010,3136.465539,138.7105867,161.2408607,2975.224696
Greater London,other conditions,2010,15307.56666,172.0161393,11076.06061,4231.50724
Greater London,Cardiovascular diseases,2011,2271.230428,121.9777694,265.5810413,2005.649415
Greater London,Neoplasms,2011,3036.733881,135.6379717,158.5443323,2878.189566
Greater London,other conditions,2011,15094.89871,166.917454,11079.49403,4015.405876
Greater London,Cardiovascular diseases,2012,2217.533903,120.711662,265.468846,1952.065086
Greater London,Neoplasms,2012,3003.057877,135.4672093,158.3826228,2844.675271
Greater London,other conditions,2012,14969.40157,166.34299,11087.50283,3881.899932
Greater London,Cardiovascular diseases,2013,2175.703432,119.5095229,265.455172,1910.248289
Greater London,Neoplasms,2013,2963.962725,134.6083646,159.8548459,2804.107896
Greater London,other conditions,2013,14872.23383,165.709523,11094.85677,3777.378257
Greater London,Cardiovascular diseases,2014,2140.151385,118.3480406,265.5800629,1874.571351
Greater London,Neoplasms,2014,2933.959439,134.1424419,160.6917752,2773.267682
Greater London,other conditions,2014,14813.15298,165.533285,11101.0278,3712.12638
Greater London,Cardiovascular diseases,2015,2190.227855,121.1044525,265.7898865,1924.437998
Greater London,Neoplasms,2015,2992.658422,137.2538974,163.9277466,2828.730693
Greater London,other conditions,2015,14901.93528,170.0998897,11101.531,3800.405482
Greater London,Cardiovascular diseases,2016,2110.82921,115.8034726,267.6235797,1843.205659
Greater London,Neoplasms,2016,2909.85866,133.6218175,162.0995397,2747.759138
Greater London,other conditions,2016,14793.98977,165.0662178,11108.97702,3685.013955
Greater London,Cardiovascular diseases,2017,2087.436904,113.9217699,269.4379055,1817.999028
Greater London,Neoplasms,2017,2888.930978,132.6563426,161.3099515,2727.621044
Greater London,other conditions,2017,14764.67637,163.441267,11116.29059,3648.386982
Greater London,Cardiovascular diseases,2018,2104.934796,115.2676468,269.4677836,1835.467042
Greater London,Neoplasms,2018,2902.12469,133.2301618,161.7895407,2740.335167
Greater London,other conditions,2018,14808.59925,163.9939607,11142.916,3665.684458
Greater London,Cardiovascular diseases,2019,2097.931561,114.79665,268.904022,1829.027568
Greater London,Neoplasms,2019,2894.468463,132.5984763,161.385594,2733.082886
Greater London,other conditions,2019,14842.4646,162.6789018,11213.95792,3628.507888
North East England,Cardiovascular diseases,1990,6596.455992,353.7504985,341.4349296,6255.021099
North East England,Neoplasms,1990,5069.828581,214.872347,149.3411455,4920.487452
North East England,other conditions,1990,17304.7892,228.2522899,11245.3888,6059.401618
North East England,Cardiovascular diseases,1991,6462.526727,348.841675,336.2566781,6126.270085
North East England,Neoplasms,1991,5041.020006,214.352244,151.3420223,4889.678
North East England,other conditions,1991,17295.32154,229.1202377,11261.26483,6034.057922
North East England,Cardiovascular diseases,1992,6244.846954,338.5032416,331.3526686,5913.494321
North East England,Neoplasms,1992,4968.014599,212.2675695,152.439789,4815.574826
North East England,other conditions,1992,17096.70395,226.2367461,11275.00893,5821.696233
North East England,Cardiovascular diseases,1993,6091.458084,330.7331963,326.9974517,5764.460667
North East England,Neoplasms,1993,4935.408902,211.1914707,155.4190158,4779.989903
North East England,other conditions,1993,17078.38643,229.3982161,11288.77363,5789.614026
North East England,Cardiovascular diseases,1994,5743.324748,313.0414484,323.4403304,5419.884453
North East England,Neoplasms,1994,4785.932397,205.5158554,154.1709077,4631.761506
North East England,other conditions,1994,16984.10958,225.8476138,11301.91054,5682.200253
North East England,Cardiovascular diseases,1995,5514.606791,301.3263564,320.8851794,5193.721647
North East England,Neoplasms,1995,4683.762803,201.7666775,155.5930004,4528.16982
North East England,other conditions,1995,16922.19379,225.5803139,11306.14777,5616.047249
North East England,Cardiovascular diseases,1996,5369.889626,293.075269,318.9582958,5050.931365
North East England,Neoplasms,1996,4662.623012,200.8757822,157.179665,4505.443364
North East England,other conditions,1996,16958.89362,227.064883,11331.7604,5627.134448
North East England,Cardiovascular diseases,1997,5188.949774,283.2644425,317.1627691,4871.787039
North East England,Neoplasms,1997,4620.021281,199.088841,158.6113937,4461.409904
North East England,other conditions,1997,17002.86051,228.2793201,11368.33272,5634.529015
North East England,Cardiovascular diseases,1998,5072.248708,278.154925,315.3314659,4756.917277
North East England,Neoplasms,1998,4622.609231,199.6916,162.3290047,4460.280243
North East England,other conditions,1998,17101.40974,232.0613628,11410.29124,5691.11973
North East England,Cardiovascular diseases,1999,4846.121804,266.7190307,313.3785732,4532.743265
North East England,Neoplasms,1999,4530.164138,196.7826027,163.3878116,4366.776344
North East England,other conditions,1999,17091.22819,231.4713689,11446.18332,5645.046104
North East England,Cardiovascular diseases,2000,4537.229407,250.9314594,311.163881,4226.065559
North East England,Neoplasms,2000,4371.935388,190.5635277,162.7239069,4209.211499
North East England,other conditions,2000,16940.04841,225.3087105,11465.63876,5474.41089
North East England,Cardiovascular diseases,2001,4344.482897,241.0347663,307.5892178,4036.893712
North East England,Neoplasms,2001,4283.806944,187.4610415,163.4725489,4120.334413
North East England,other conditions,2001,16864.91081,220.3467592,11477.25279,5387.659259
North East England,Cardiovascular diseases,2002,4213.713848,235.2360947,302.3298597,3911.384021
North East England,Neoplasms,2002,4255.17663,187.2923242,165.9363028,4089.240345
North East England,other conditions,2002,16852.0781,220.7741966,11489.67294,5362.406399
North East England,Cardiovascular diseases,2003,4063.207959,227.0410942,296.4017263,3766.806265
North East England,Neoplasms,2003,4229.351484,186.713643,168.7459282,4060.605574
North East England,other conditions,2003,16873.3334,221.678647,11507.27138,5366.06326
North East England,Cardiovascular diseases,2004,3883.544357,216.4765398,290.9357488,3592.608639
North East England,Neoplasms,2004,4219.266601,186.607167,169.8142216,4049.452398
North East England,other conditions,2004,16867.80317,221.1196014,11516.50263,5351.301783
North East England,Cardiovascular diseases,2005,3567.132998,199.463312,286.977694,3280.155335
North East England,Neoplasms,2005,4022.992157,179.282091,167.1309003,3855.861274
North East England,other conditions,2005,16670.44841,214.2387329,11522.56308,5147.886574
North East England,Cardiovascular diseases,2006,3429.886289,190.4159003,284.2121444,3145.674175
North East England,Neoplasms,2006,4031.069005,179.2145596,169.9490198,3861.120003
North East England,other conditions,2006,16654.56006,213.4335237,11509.44833,5145.112976
North East England,Cardiovascular diseases,2007,3268.772794,180.7846516,281.6779436,2987.094881
North East England,Neoplasms,2007,3998.964111,178.021804,171.9898549,3826.974274
North East England,other conditions,2007,16562.79262,211.624441,11476.44818,5086.34568
North East England,Cardiovascular diseases,2008,3152.114645,173.5884992,279.5528128,2872.561863
North East England,Neoplasms,2008,3980.59991,177.6332812,176.4270071,3804.172922
North East England,other conditions,2008,16513.24411,211.6305395,11436.63528,5076.610069
North East England,Cardiovascular diseases,2009,2968.768077,162.5523614,278.0231905,2690.744916
North East England,Neoplasms,2009,3870.063493,173.0484226,175.7835783,3694.279934
North East England,other conditions,2009,16334.87709,206.1506732,11406.47425,4928.404069
North East England,Cardiovascular diseases,2010,2841.420923,155.6401355,277.1016269,2564.319326
North East England,Neoplasms,2010,3790.529612,169.9505858,175.9192301,3614.610401
North East England,other conditions,2010,16178.99769,203.1383631,11399.35807,4779.640846
North East England,Cardiovascular diseases,2011,2780.029651,153.1073808,276.590608,2503.439072
North East England,Neoplasms,2011,3803.163234,171.5825153,176.6020842,3626.561169
North East England,other conditions,2011,16146.88238,204.8303313,11409.78423,4737.099388
North East England,Cardiovascular diseases,2012,2673.348376,148.9388841,276.2167339,2397.131672
North East England,Neoplasms,2012,3718.343158,169.3345106,174.8155505,3543.527626
North East England,other conditions,2012,16027.59963,203.0927972,11422.10592,4605.49494
North East England,Cardiovascular diseases,2013,2655.738922,147.7976127,275.9370383,2379.801914
North East England,Neoplasms,2013,3739.471378,169.9860842,177.8304428,3561.640954
North East England,other conditions,2013,16101.95549,205.6431857,11431.32383,4670.632901
North East England,Cardiovascular diseases,2014,2674.565022,147.8173481,275.8621639,2398.702888
North East England,Neoplasms,2014,3804.72542,172.4579265,180.726798,3623.998641
North East England,other conditions,2014,16202.61984,209.1567355,11438.88614,4763.73493
North East England,Cardiovascular diseases,2015,2623.071193,145.3545653,275.9089378,2347.162285
North East England,Neoplasms,2015,3746.753715,170.7571117,180.4296228,3566.324112
North East England,other conditions,2015,16146.67863,208.61281,11441.96859,4704.711275
North East England,Cardiovascular diseases,2016,2612.996036,143.9957813,277.7679704,2335.228096
North East England,Neoplasms,2016,3748.424005,171.0055016,182.0099874,3566.414038
North East England,other conditions,2016,16153.73333,208.5067638,11450.96884,4702.765718
North East England,Cardiovascular diseases,2017,2630.130597,144.1808915,279.5378561,2350.592771
North East England,Neoplasms,2017,3776.028264,172.0277674,183.3284981,3592.699786
North East England,other conditions,2017,16182.02642,209.3061665,11462.0203,4720.007357
North East England,Cardiovascular diseases,2018,2660.031184,146.4036542,279.5593935,2380.471821
North East England,Neoplasms,2018,3793.738516,172.7973505,184.4325418,3609.305994
North East England,other conditions,2018,16210.16212,209.4681807,11488.50565,4721.657713
North East England,Cardiovascular diseases,2019,2680.374295,147.6089971,279.1760614,2401.198264
North East England,Neoplasms,2019,3821.6543,174.2493829,185.0347993,3636.619521
North East England,other conditions,2019,16223.3096,208.6981198,11549.40455,4673.9063
North West England,Cardiovascular diseases,1990,6432.866673,344.4719363,356.0220168,6076.844694
North West England,Neoplasms,1990,4764.830923,200.0563566,153.4469584,4611.383981
North West England,other conditions,1990,17423.31738,228.5358216,11240.3164,6183.002197
North West England,Cardiovascular diseases,1991,6233.127072,335.4949865,350.2435631,5882.883546
North West England,Neoplasms,1991,4703.597529,197.9846194,155.9593643,4547.638181
North West England,other conditions,1991,17332.20758,226.5123258,11266.68205,6065.526755
North West England,Cardiovascular diseases,1992,6049.266985,326.8306004,344.6611489,5704.605873
North West England,Neoplasms,1992,4666.622642,196.7326535,159.0098427,4507.612817
North West England,other conditions,1992,17185.40364,224.5115757,11289.97862,5895.426238
North West England,Cardiovascular diseases,1993,5932.466911,321.743453,339.5487021,5592.918245
North West England,Neoplasms,1993,4644.990758,196.287765,163.2270967,4481.763679
North West England,other conditions,1993,17204.70898,229.0243425,11310.8312,5893.879006
North West England,Cardiovascular diseases,1994,5628.184972,305.1216072,335.262469,5292.922539
North West England,Neoplasms,1994,4528.423952,191.6517008,162.7592657,4365.664704
North West England,other conditions,1994,17150.23452,226.451537,11328.98484,5821.250911
North West England,Cardiovascular diseases,1995,5493.333443,298.2284839,332.000793,5161.332686
North West England,Neoplasms,1995,4505.132797,190.7629266,165.9689066,4339.163908
North West England,other conditions,1995,17218.65617,229.7395617,11335.5907,5883.066696
North West England,Cardiovascular diseases,1996,5325.50836,289.4031424,329.3547436,4996.153652
North West England,Neoplasms,1996,4462.308685,189.0462701,167.2847541,4295.023949
North West England,other conditions,1996,17270.48374,231.0280353,11357.64673,5912.838239
North West England,Cardiovascular diseases,1997,5145.380897,280.0800085,326.5635136,4818.817418
North West England,Neoplasms,1997,4414.752455,187.2131312,168.3055895,4246.446884
North West England,other conditions,1997,17371.79379,232.9211968,11382.4013,5989.393717
North West England,Cardiovascular diseases,1998,4992.579045,272.8914917,323.6609383,4668.918142
North West England,Neoplasms,1998,4369.829782,186.2361875,170.3538494,4199.475951
North West England,other conditions,1998,17363.89295,233.1992351,11408.32049,5955.573689
North West England,Cardiovascular diseases,1999,4846.556092,265.1995659,320.5060246,4526.050102
North West England,Neoplasms,1999,4354.895967,186.1805031,172.6869576,4182.209028
North West England,other conditions,1999,17456.3431,235.3970728,11428.56042,6027.783916
North West England,Cardiovascular diseases,2000,4547.660727,249.5486426,317.1946276,4230.466134
North West England,Neoplasms,2000,4201.604409,180.2591354,171.3825048,4030.221923
North West England,other conditions,2000,17273.29218,228.5210104,11436.71427,5836.579145
North West England,Cardiovascular diseases,2001,4366.12076,241.3538221,312.5151621,4053.605632
North West England,Neoplasms,2001,4124.204295,177.8612507,172.1564793,3952.047834
North West England,other conditions,2001,17126.27552,223.4914627,11436.66223,5689.614523
North West England,Cardiovascular diseases,2002,4226.405661,235.2167526,306.001825,3920.403869
North West England,Neoplasms,2002,4082.438649,177.2320762,173.9745063,3908.464162
North West England,other conditions,2002,17019.8236,222.639198,11433.27861,5586.54622
North West England,Cardiovascular diseases,2003,4073.862452,227.4920951,298.9500677,3774.912417
North West England,Neoplasms,2003,4039.212973,176.0521918,176.1962461,3863.016746
North West England,other conditions,2003,17019.93318,223.1650767,11433.66086,5586.273551
North West England,Cardiovascular diseases,2004,3851.978351,213.5402192,292.5630076,3559.415375
North West England,Neoplasms,2004,3980.036035,173.6146313,175.9348344,3804.10122
North West England,other conditions,2004,16887.05015,218.4736261,11427.29396,5459.757424
North West England,Cardiovascular diseases,2005,3685.140335,202.8425239,288.0003396,3397.140026
North West England,Neoplasms,2005,3957.176323,172.3083834,177.6160746,3779.560268
North West England,other conditions,2005,16884.55512,217.5491466,11421.94085,5462.615497
North West England,Cardiovascular diseases,2006,3509.523303,192.7066056,285.1261042,3224.39723
North West England,Neoplasms,2006,3909.390946,170.3149138,178.9269041,3730.464061
North West England,other conditions,2006,16835.92733,215.6434364,11400.71161,5435.216951
North West England,Cardiovascular diseases,2007,3371.062166,185.2205385,283.0659142,3087.996282
North West England,Neoplasms,2007,3873.24788,169.7562148,180.03802,3693.20988
North West England,other conditions,2007,16736.29248,214.8669747,11358.46238,5377.831327
North West England,Cardiovascular diseases,2008,3245.024776,177.6916781,281.6244917,2963.400314
North West England,Neoplasms,2008,3837.010811,168.6528831,183.2174917,3653.793339
North West England,other conditions,2008,16623.16815,213.4752433,11309.53724,5313.632136
North West England,Cardiovascular diseases,2009,3086.187211,167.7018334,280.6819855,2805.505255
North West England,Neoplasms,2009,3772.662014,165.9440175,183.4275245,3589.234509
North West England,other conditions,2009,16468.28755,208.8468802,11270.76162,5197.527144
North West England,Cardiovascular diseases,2010,2952.927269,160.3583434,280.0620938,2672.865206
North West England,Neoplasms,2010,3702.360404,163.3666948,183.6840028,3518.676421
North West England,other conditions,2010,16297.60307,205.127117,11256.99567,5040.608614
North West England,Cardiovascular diseases,2011,2827.741963,154.2162352,279.5535856,2548.188408
North West England,Neoplasms,2011,3635.759944,161.7065422,182.1585515,3453.601412
North West England,other conditions,2011,16184.88441,203.043157,11263.09524,4921.790381
North West England,Cardiovascular diseases,2012,2747.368641,152.3954309,278.9280582,2468.440613
North West England,Neoplasms,2012,3588.310919,161.4493212,181.7026216,3406.608317
North West England,other conditions,2012,16087.46184,203.8046707,11270.8554,4816.607658
North West England,Cardiovascular diseases,2013,2689.520572,149.7851769,278.3601725,2411.160429
North West England,Neoplasms,2013,3557.38719,161.0425544,183.1883631,3374.198847
North West England,other conditions,2013,16036.92132,204.2211037,11276.91931,4760.003227
North West England,Cardiovascular diseases,2014,2664.268383,147.8746273,277.9724582,2386.295955
North West England,Neoplasms,2014,3566.961191,161.5094484,184.5558918,3382.405319
North West England,other conditions,2014,16062.69228,205.2432536,11281.5692,4781.124293
North West England,Cardiovascular diseases,2015,2640.334274,146.3323979,277.7660438,2362.56826
North West England,Neoplasms,2015,3561.378458,161.528642,185.7358528,3375.642625
North West England,other conditions,2015,16082.72046,206.3275532,11282.71229,4800.009386
North West England,Cardiovascular diseases,2016,2623.784694,143.8128788,279.1607113,2344.624012
North West England,Neoplasms,2016,3561.535463,161.1305135,186.9816473,3374.553835
North West England,other conditions,2016,16121.5504,205.7205718,11288.25351,4833.298111
North West England,Cardiovascular diseases,2017,2610.907601,142.0198739,280.6166429,2330.290989
North West England,Neoplasms,2017,3532.4393,159.7376158,186.1732474,3346.266073
North West England,other conditions,2017,16089.09455,203.8113963,11297.0388,4792.056968
North West England,Cardiovascular diseases,2018,2633.147903,143.8517453,280.6562713,2352.491662
North West England,Neoplasms,2018,3534.705351,159.9505952,186.6104215,3348.09495
North West England,other conditions,2018,16092.47084,203.2866247,11324.80176,4767.670304
North West England,Cardiovascular diseases,2019,2650.520119,144.9858485,280.3051565,2370.214992
North West England,Neoplasms,2019,3550.883817,160.8397215,186.9676376,3363.9162
North West England,other conditions,2019,16116.90358,202.5900989,11389.96732,4726.937492
South East England,Cardiovascular diseases,1990,4920.018251,279.0413956,333.5689236,4586.449363
South East England,Neoplasms,1990,4091.070319,175.6570185,151.324865,3939.74547
South East England,other conditions,1990,16169.72875,192.5803354,10983.77893,5185.951003
South East England,Cardiovascular diseases,1991,4791.641778,273.3172719,326.2761046,4465.365709
South East England,Neoplasms,1991,4046.267371,174.3057271,153.055695,3893.211692
South East England,other conditions,1991,15995.63078,190.6188176,11001.39335,4994.238621
South East England,Cardiovascular diseases,1992,4664.140249,267.4089134,319.2916183,4344.848665
South East England,Neoplasms,1992,4017.537771,173.8352132,155.2218711,3862.315916
South East England,other conditions,1992,15782.41277,188.7313879,11016.75301,4765.660947
South East England,Cardiovascular diseases,1993,4551.314505,261.7637803,313.0284268,4238.286112
South East England,Neoplasms,1993,3979.857858,172.4609128,158.3584931,3821.499382
South East England,other conditions,1993,15740.64365,191.4069347,11029.43625,4711.208588
South East England,Cardiovascular diseases,1994,4324.941868,249.2423903,307.7982487,4017.143652
South East England,Neoplasms,1994,3891.906835,168.8137356,157.9377553,3733.969097
South East England,other conditions,1994,15651.66241,189.4789514,11039.61568,4612.047915
South East England,Cardiovascular diseases,1995,4245.325512,244.9229006,303.9853216,3941.340224
South East England,Neoplasms,1995,3868.314581,167.9960242,160.7371154,3707.577483
South East England,other conditions,1995,15726.51788,192.9414393,11038.04716,4688.471918
South East England,Cardiovascular diseases,1996,4103.954282,236.9669174,300.8280561,3803.126258
South East England,Neoplasms,1996,3806.877368,165.3918284,161.3391859,3645.538199
South East England,other conditions,1996,15753.83907,193.5886793,11052.0324,4701.80787
South East England,Cardiovascular diseases,1997,3950.424359,228.681314,297.3842663,3653.040125
South East England,Neoplasms,1997,3756.549353,163.373682,162.3758472,3594.173524
South East England,other conditions,1997,15740.28557,194.007155,11070.99388,4669.292894
South East England,Cardiovascular diseases,1998,3766.143843,218.4211797,293.6280868,3472.515788
South East England,Neoplasms,1998,3669.260086,160.4967746,163.4469561,3505.813147
South East England,other conditions,1998,15663.73638,191.1586398,11092.7386,4570.998976
South East England,Cardiovascular diseases,1999,3659.47227,212.7207494,289.9140596,3369.558242
South East England,Neoplasms,1999,3648.004026,160.0664495,165.5681665,3482.435878
South East England,other conditions,1999,15674.85229,192.5327487,11109.35479,4565.498702
South East England,Cardiovascular diseases,2000,3501.525648,203.5962148,286.3347315,3215.190947
South East England,Neoplasms,2000,3595.057851,157.7028517,166.0974955,3428.960374
South East England,other conditions,2000,15598.32937,189.4433924,11113.90025,4484.430324
South East England,Cardiovascular diseases,2001,3365.892122,196.2185419,281.8079356,3084.084217
South East England,Neoplasms,2001,3534.194492,155.3724274,166.3563389,3367.838171
South East England,other conditions,2001,15515.67514,184.5590659,11110.52677,4405.149568
South East England,Cardiovascular diseases,2002,3237.03783,190.1002782,275.9759053,2961.061955
South East England,Neoplasms,2002,3477.208189,153.7233645,167.0440694,3310.164138
South East England,other conditions,2002,15443.93661,183.0731916,11102.1067,4341.831108
South East England,Cardiovascular diseases,2003,3117.655352,183.0856625,269.7970405,2847.858341
South East England,Neoplasms,2003,3435.114205,152.3405679,168.4342034,3266.68002
South East England,other conditions,2003,15410.0568,182.2909591,11098.74749,4311.310506
South East England,Cardiovascular diseases,2004,2916.007882,170.5659525,264.2309576,2651.776953
South East England,Neoplasms,2004,3346.927633,148.8037262,166.6468531,3180.280798
South East England,other conditions,2004,15264.1201,176.9606511,11089.56337,4174.557921
South East England,Cardiovascular diseases,2005,2775.734598,161.8200654,260.200037,2515.534589
South East England,Neoplasms,2005,3296.39041,146.6701721,166.7473102,3129.643118
South East England,other conditions,2005,15221.17284,175.1566257,11082.9696,4138.20444
South East England,Cardiovascular diseases,2006,2641.731503,152.9923427,257.6673576,2384.064173
South East England,Neoplasms,2006,3265.761501,145.0917,167.3230639,3098.438455
South East England,other conditions,2006,15184.1155,173.1422781,11062.6902,4121.426492
South East England,Cardiovascular diseases,2007,2528.44815,145.6989799,255.7473583,2272.70082
South East England,Neoplasms,2007,3226.472172,143.7662333,167.3023711,3059.169819
South East England,other conditions,2007,15097.41074,171.3494357,11021.73703,4075.674897
South East England,Cardiovascular diseases,2008,2412.933882,138.5583056,254.3995352,2158.534374
South East England,Neoplasms,2008,3161.73649,141.5866685,168.0267832,2993.709725
South East England,other conditions,2008,14965.98522,168.687997,10974.7848,3991.201596
South East England,Cardiovascular diseases,2009,2326.604784,132.6952967,253.5327313,2073.07208
South East England,Neoplasms,2009,3140.699638,140.8037772,168.1491547,2972.550501
South East England,other conditions,2009,14877.79414,166.9477098,10937.84558,3939.949739
South East England,Cardiovascular diseases,2010,2247.183862,128.823895,253.087271,1994.096618
South East England,Neoplasms,2010,3102.53335,139.7988899,168.0840508,2934.449317
South East England,other conditions,2010,14752.14174,165.4425796,10924.93452,3827.208392
South East England,Cardiovascular diseases,2011,2160.999321,124.9342399,252.8839824,1908.115366
South East England,Neoplasms,2011,3051.658932,139.1095874,165.7358792,2885.923071
South East England,other conditions,2011,14643.60293,163.777985,10932.4893,3711.114813
South East England,Cardiovascular diseases,2012,2099.136475,123.1633586,252.6792996,1846.457203
South East England,Neoplasms,2012,3007.98265,138.5578347,163.8576077,2844.12506
South East England,other conditions,2012,14590.87142,164.1927693,10944.09053,3646.782066
South East England,Cardiovascular diseases,2013,2101.522955,123.3254989,252.5529232,1848.970059
South East England,Neoplasms,2013,3034.976815,140.2177049,165.4108434,2869.56599
South East England,other conditions,2013,14648.05213,167.0250023,10954.95975,3693.093562
South East England,Cardiovascular diseases,2014,2032.233827,119.43581,252.5503902,1779.683464
South East England,Neoplasms,2014,2973.489792,138.3829548,163.3039777,2810.185832
South East England,other conditions,2014,14573.69743,164.653292,10965.81095,3607.887666
South East England,Cardiovascular diseases,2015,2026.613983,119.1559914,252.6676128,1773.946398
South East England,Neoplasms,2015,2974.597586,139.1939337,163.5276406,2811.069963
South East England,other conditions,2015,14592.69164,166.2012942,10972.87755,3619.815271
South East England,Cardiovascular diseases,2016,2021.936308,116.9981451,254.4191985,1767.517137
South East England,Neoplasms,2016,2996.430569,139.5663216,165.1519027,2831.278684
South East England,other conditions,2016,14648.95539,165.9641098,10988.84791,3660.108666
South East England,Cardiovascular diseases,2017,1985.290379,114.1080234,256.1274457,1729.162961
South East England,Neoplasms,2017,2964.234941,137.6346405,164.5575769,2799.677382
South East England,other conditions,2017,14665.29299,164.3242597,11009.94648,3655.347707
South East England,Cardiovascular diseases,2018,2020.77358,116.9954955,256.2354469,1764.538161
South East England,Neoplasms,2018,2990.618216,139.1836791,165.7205344,2824.8977
South East England,other conditions,2018,14719.37269,165.482321,11050.37182,3669.002062
South East England,Cardiovascular diseases,2019,2020.089573,116.9692093,255.9669586,1764.122642
South East England,Neoplasms,2019,2984.41706,138.9787535,165.0711482,2819.34593
South East England,other conditions,2019,14741.06361,163.7847119,11135.80175,3605.263066
South West England,Cardiovascular diseases,1990,5076.891889,284.9064349,342.3332272,4734.558699
South West England,Neoplasms,1990,4098.952013,173.8146316,185.0429421,3913.909091
South West England,other conditions,1990,16222.21765,189.8400769,11036.40667,5185.812172
South West England,Cardiovascular diseases,1991,4881.92417,276.1775495,335.1770718,4546.747135
South West England,Neoplasms,1991,4019.062637,170.8058381,186.391889,3832.670768
South West England,other conditions,1991,16044.92517,186.3280415,11038.18639,5006.739973
South West England,Cardiovascular diseases,1992,4721.106397,268.0876915,328.3970985,4392.709334
South West England,Neoplasms,1992,3964.232331,169.2268772,187.9210731,3776.311278
South West England,other conditions,1992,15851.70255,183.3612815,11039.20631,4812.497431
South West England,Cardiovascular diseases,1993,4567.433618,260.874981,322.3132459,4245.120407
South West England,Neoplasms,1993,3906.572397,166.8527219,190.7176095,3715.854808
South West England,other conditions,1993,15770.11681,184.0906854,11041.05733,4729.060675
South West England,Cardiovascular diseases,1994,4373.549656,249.4448395,317.3322265,4056.217464
South West England,Neoplasms,1994,3842.70427,164.1618695,190.2511421,3652.453149
South West England,other conditions,1994,15746.44005,182.9397373,11043.55795,4702.883287
South West England,Cardiovascular diseases,1995,4292.069606,245.4085415,313.7571809,3978.312459
South West England,Neoplasms,1995,3834.971757,164.0441438,193.42226,3641.549517
South West England,other conditions,1995,15805.01347,186.3645948,11038.77307,4766.241591
South West England,Cardiovascular diseases,1996,4126.624835,236.3643686,310.9304351,3815.694433
South West England,Neoplasms,1996,3755.945142,161.0122533,192.8761537,3563.069009
South West England,other conditions,1996,15813.63814,186.147717,11051.0891,4762.550229
South West England,Cardiovascular diseases,1997,3961.768665,227.6994038,308.0815301,3653.687168
South West England,Neoplasms,1997,3693.548306,158.974986,192.4205277,3501.127799
South West England,other conditions,1997,15758.71598,185.5369303,11067,4691.717171
South West England,Cardiovascular diseases,1998,3829.575441,220.6945557,305.1042357,3524.471238
South West England,Neoplasms,1998,3629.841998,157.0676513,192.8978207,3436.944198
South West England,other conditions,1998,15676.13112,184.0133633,11085.3208,4590.811513
South West England,Cardiovascular diseases,1999,3687.247993,214.3253447,301.8896184,3385.358408
South West England,Neoplasms,1999,3570.069504,155.688797,193.0779394,3376.991586
South West England,other conditions,1999,15645.30112,184.3309738,11100.51445,4544.787871
South West England,Cardiovascular diseases,2000,3554.889856,206.9953346,298.4660391,3256.423849
South West England,Neoplasms,2000,3539.178441,154.4451897,193.5243685,3345.654093
South West England,other conditions,2000,15621.15523,183.2045307,11105.73636,4515.420062
South West England,Cardiovascular diseases,2001,3404.068538,198.3791331,293.6911207,3110.377449
South West England,Neoplasms,2001,3483.605024,151.9889195,192.7569455,3290.848099
South West England,other conditions,2001,15549.88616,178.8477591,11107.43701,4442.450344
South West England,Cardiovascular diseases,2002,3312.335031,193.6701471,287.1463063,3025.188756
South West England,Neoplasms,2002,3486.685694,152.4825815,194.1510494,3292.534666
South West England,other conditions,2002,15516.43528,179.2052209,11108.93747,4407.499006
South West England,Cardiovascular diseases,2003,3161.119298,185.5880423,280.1508235,2880.968505
South West England,Neoplasms,2003,3423.056617,150.4997191,193.8825978,3229.17404
South West England,other conditions,2003,15429.17016,177.5294078,11117.08965,4312.081706
South West England,Cardiovascular diseases,2004,2959.377079,172.9372136,273.664184,2685.712925
South West England,Neoplasms,2004,3332.051178,147.1460209,190.3388997,3141.712299
South West England,other conditions,2004,15300.53484,172.8458717,11117.89494,4182.641095
South West England,Cardiovascular diseases,2005,2810.06991,163.4130887,268.9523917,2541.117548
South West England,Neoplasms,2005,3281.764552,145.0976633,189.7253078,3092.039264
South West England,other conditions,2005,15288.17695,171.6519108,11117.87765,4170.300504
South West England,Cardiovascular diseases,2006,2686.498538,155.0742211,265.6895537,2420.809013
South West England,Neoplasms,2006,3261.151218,143.9293696,190.0020123,3071.149226
South West England,other conditions,2006,15266.9002,170.500912,11102.28724,4164.614155
South West England,Cardiovascular diseases,2007,2602.148448,149.5328241,263.0314459,2339.117031
South West England,Neoplasms,2007,3261.790606,144.3012566,190.3958557,3071.39477
South West England,other conditions,2007,15255.14236,171.2442537,11068.40271,4186.740849
South West England,Cardiovascular diseases,2008,2516.985664,144.3703109,260.9224102,2256.063282
South West England,Neoplasms,2008,3252.797535,144.1275656,192.5368006,3060.260755
South West England,other conditions,2008,15192.14034,170.8914597,11027.67847,4164.463061
South West England,Cardiovascular diseases,2009,2408.928827,137.4833898,259.5112552,2149.4176
South West England,Neoplasms,2009,3208.046118,142.4767164,191.0507609,3016.995378
South West England,other conditions,2009,15077.73108,168.3387649,10996.1141,4081.618163
South West England,Cardiovascular diseases,2010,2302.232882,131.6420485,258.7570083,2043.475901
South West England,Neoplasms,2010,3137.209373,140.0343145,189.3158457,2947.893548
South West England,other conditions,2010,14909.33276,165.0947154,10986.82112,3922.512826
South West England,Cardiovascular diseases,2011,2220.733688,127.4380038,258.3245457,1962.40917
South West England,Neoplasms,2011,3098.899969,139.5367519,187.1744098,2911.725579
South West England,other conditions,2011,14832.81997,163.8278898,10993.10254,3839.71862
South West England,Cardiovascular diseases,2012,2198.862865,127.8931299,257.8699512,1940.992941
South West England,Neoplasms,2012,3100.845981,140.8766984,186.7549564,2914.091045
South West England,other conditions,2012,14839.0186,166.4500959,10998.70146,3840.318327
South West England,Cardiovascular diseases,2013,2183.788001,127.7273113,257.5209119,1926.267117
South West England,Neoplasms,2013,3099.620595,141.3778227,187.9492222,2911.671393
South West England,other conditions,2013,14827.25825,168.1334731,11002.22217,3825.037266
South West England,Cardiovascular diseases,2014,2116.935743,124.0175606,257.3101088,1859.625662
South West England,Neoplasms,2014,3046.239042,139.4955828,186.045289,2860.193773
South West England,other conditions,2014,14745.6967,166.0430409,11004.8455,3740.852387
South West England,Cardiovascular diseases,2015,2133.116417,124.3234894,257.3769153,1875.73953
South West England,Neoplasms,2015,3085.165111,141.3699297,187.9281482,2897.236983
South West England,other conditions,2015,14791.21951,168.6385885,11005.6359,3785.584801
South West England,Cardiovascular diseases,2016,2140.802786,123.5170047,259.1633581,1881.639456
South West England,Neoplasms,2016,3130.91234,142.7502636,191.0218909,2939.89047
South West England,other conditions,2016,14806.93115,168.7501901,11020.65789,3786.274444
South West England,Cardiovascular diseases,2017,2120.402985,121.6636912,260.9749757,1859.428037
South West England,Neoplasms,2017,3106.757976,141.8202328,190.7374841,2916.020513
South West England,other conditions,2017,14772.19306,167.0610363,11038.35729,3733.83696
South West England,Cardiovascular diseases,2018,2138.594528,123.6248085,261.055874,1877.538683
South West England,Neoplasms,2018,3106.741942,142.1833335,191.1425781,2915.599385
South West England,other conditions,2018,14800.19306,167.2524266,11064.44907,3735.745189
South West England,Cardiovascular diseases,2019,2132.956487,123.1792768,260.8046553,1872.15186
South West England,Neoplasms,2019,3095.315629,141.6439588,190.2502576,2905.065392
South West England,other conditions,2019,14796.00773,165.2594796,11125.42781,3670.581126
West Midlands,Cardiovascular diseases,1990,5928.588623,322.1046049,351.7785838,5576.810077
West Midlands,Neoplasms,1990,4467.763624,190.8417433,132.6164749,4335.147163
West Midlands,other conditions,1990,17425.33648,222.5321587,11172.43039,6252.907292
West Midlands,Cardiovascular diseases,1991,5673.757482,310.5554412,346.2223005,5327.535219
West Midlands,Neoplasms,1991,4352.890689,186.6799161,133.1015661,4219.789137
West Midlands,other conditions,1991,17168.83892,217.3442011,11196.10852,5972.731609
West Midlands,Cardiovascular diseases,1992,5552.997637,305.3776933,340.9036563,5212.094017
West Midlands,Neoplasms,1992,4332.971191,186.3202784,135.2171407,4197.754065
West Midlands,other conditions,1992,16978.97842,215.71436,11215.53276,5763.44687
West Midlands,Cardiovascular diseases,1993,5456.368556,300.6225318,335.885746,5120.482846
West Midlands,Neoplasms,1993,4283.400025,184.8865475,137.5098906,4145.89015
West Midlands,other conditions,1993,16914.41316,218.4050857,11232.42329,5681.991083
West Midlands,Cardiovascular diseases,1994,5259.55985,290.522447,331.5882081,4927.971677
West Midlands,Neoplasms,1994,4232.108067,183.0746791,137.6356768,4094.472405
West Midlands,other conditions,1994,16854.20004,217.598676,11245.94265,5608.258609
West Midlands,Cardiovascular diseases,1995,5085.853343,281.5920819,328.2302225,4757.623156
West Midlands,Neoplasms,1995,4159.62587,180.0987871,138.8983305,4020.727555
West Midlands,other conditions,1995,16775.1469,217.2965159,11248.52085,5526.627269
West Midlands,Cardiovascular diseases,1996,4897.687178,270.7758672,325.2795792,4572.407634
West Midlands,Neoplasms,1996,4079.65198,176.8436289,138.453772,3941.198223
West Midlands,other conditions,1996,16735.68027,215.9531827,11258.02077,5477.660715
West Midlands,Cardiovascular diseases,1997,4692.183416,258.8668863,322.1625806,4370.02087
West Midlands,Neoplasms,1997,3991.008371,173.3270417,137.4370306,3853.571355
West Midlands,other conditions,1997,16729.94467,215.3348921,11260.99938,5468.946512
West Midlands,Cardiovascular diseases,1998,4550.522558,252.0980262,318.8307259,4231.691867
West Midlands,Neoplasms,1998,3970.300745,172.7865614,139.0437127,3831.257047
West Midlands,other conditions,1998,16737.35694,216.7353682,11261.59403,5475.764119
West Midlands,Cardiovascular diseases,1999,4456.543467,248.0569478,315.2974079,4141.246093
West Midlands,Neoplasms,1999,3973.914399,173.4162212,141.132189,3832.782225
West Midlands,other conditions,1999,16843.51272,220.9138954,11260.06758,5583.446355
West Midlands,Cardiovascular diseases,2000,4189.499779,233.4679248,311.5633526,3877.93646
West Midlands,Neoplasms,2000,3851.559143,168.6895851,140.2202763,3711.338882
West Midlands,other conditions,2000,16770.31056,216.5331346,11255.40889,5514.902893
West Midlands,Cardiovascular diseases,2001,4012.128818,224.4572063,306.2704071,3705.858444
West Midlands,Neoplasms,2001,3778.108283,166.1346642,140.560482,3637.547816
West Midlands,other conditions,2001,16663.62138,211.6074958,11251.39847,5412.224126
West Midlands,Cardiovascular diseases,2002,3860.831939,217.3594896,298.9633525,3561.868619
West Midlands,Neoplasms,2002,3734.228723,165.3653937,141.6143717,3592.614366
West Midlands,other conditions,2002,16589.44163,210.4728151,11247.07422,5342.368624
West Midlands,Cardiovascular diseases,2003,3732.178206,210.3257648,290.9719796,3441.206258
West Midlands,Neoplasms,2003,3710.459629,164.8384123,143.7545554,3566.70509
West Midlands,other conditions,2003,16663.18977,212.2976395,11248.336,5414.854991
West Midlands,Cardiovascular diseases,2004,3498.301066,196.4004202,283.5856758,3214.71542
West Midlands,Neoplasms,2004,3639.110471,161.6813986,143.2880361,3495.82245
West Midlands,other conditions,2004,16500.64733,207.1369049,11242.61997,5258.028578
West Midlands,Cardiovascular diseases,2005,3334.695151,186.105507,278.0699286,3056.625253
West Midlands,Neoplasms,2005,3608.741796,160.2082013,144.7168508,3464.02496
West Midlands,other conditions,2005,16454.99628,205.8754399,11236.66271,5218.334785
West Midlands,Cardiovascular diseases,2006,3200.085447,177.3377082,274.243765,2925.841712
West Midlands,Neoplasms,2006,3607.897218,159.8827296,147.4573342,3460.439899
West Midlands,other conditions,2006,16460.26053,205.5139349,11212.67704,5247.584707
West Midlands,Cardiovascular diseases,2007,3031.424932,167.5884728,270.8717816,2760.55318
West Midlands,Neoplasms,2007,3549.763578,157.9234766,148.604432,3401.159162
West Midlands,other conditions,2007,16329.00398,202.4643869,11166.40446,5162.600724
West Midlands,Cardiovascular diseases,2008,2914.912604,160.9393368,268.1092531,2646.80338
West Midlands,Neoplasms,2008,3517.843923,156.7766865,152.2284616,3365.615478
West Midlands,other conditions,2008,16239.15277,201.2913835,11112.97338,5126.180597
West Midlands,Cardiovascular diseases,2009,2727.53048,149.9254672,266.0582964,2461.472212
West Midlands,Neoplasms,2009,3397.118184,151.8118085,151.2331894,3245.885011
West Midlands,other conditions,2009,15976.17328,193.9120176,11069.6777,4906.496777
West Midlands,Cardiovascular diseases,2010,2624.614095,144.4353838,264.7939906,2359.820133
West Midlands,Neoplasms,2010,3346.923603,150.0927383,151.8780817,3195.045538
West Midlands,other conditions,2010,15798.17435,190.5706366,11051.50436,4746.671187
West Midlands,Cardiovascular diseases,2011,2515.25749,138.9641372,264.1965791,2251.06094
West Midlands,Neoplasms,2011,3296.505868,148.9386673,150.6367008,3145.869184
West Midlands,other conditions,2011,15689.49498,187.9008108,11050.98459,4638.511576
West Midlands,Cardiovascular diseases,2012,2470.531301,138.3616225,263.7087147,2206.822615
West Midlands,Neoplasms,2012,3279.128674,149.7000597,150.3836053,3128.745085
West Midlands,other conditions,2012,15641.59832,189.5577101,11048.9591,4592.640411
West Midlands,Cardiovascular diseases,2013,2441.462039,137.4972378,263.4272111,2178.034857
West Midlands,Neoplasms,2013,3271.336128,150.0144702,151.7132587,3119.622886
West Midlands,other conditions,2013,15652.46144,191.7779851,11044.0956,4608.367026
West Midlands,Cardiovascular diseases,2014,2432.573782,136.4577224,263.2930016,2169.280809
West Midlands,Neoplasms,2014,3294.865436,151.1036656,152.6354313,3142.230021
West Midlands,other conditions,2014,15717.15896,193.7212108,11038.68085,4678.479301
West Midlands,Cardiovascular diseases,2015,2395.71049,134.4329672,263.3789945,2132.331524
West Midlands,Neoplasms,2015,3258.776658,150.013684,152.2914969,3106.485178
West Midlands,other conditions,2015,15716.38223,194.0568152,11033.91827,4682.465153
West Midlands,Cardiovascular diseases,2016,2391.152528,132.0968941,265.0344804,2126.118077
West Midlands,Neoplasms,2016,3284.400135,150.3442134,154.2459196,3130.154232
West Midlands,other conditions,2016,15740.78474,193.098572,11036.57527,4704.210663
West Midlands,Cardiovascular diseases,2017,2378.220981,130.8412754,266.8592755,2111.361734
West Midlands,Neoplasms,2017,3274.932246,149.9582391,154.6439129,3120.28835
West Midlands,other conditions,2017,15663.97789,191.5548271,11041.53548,4622.443606
West Midlands,Cardiovascular diseases,2018,2403.954905,133.2632095,267.5343261,2136.420608
West Midlands,Neoplasms,2018,3286.295386,150.6940658,155.4933583,3130.802044
West Midlands,other conditions,2018,15684.55533,192.1269759,11066.6848,4617.871732
West Midlands,Cardiovascular diseases,2019,2409.275853,133.5689831,268.4313924,2140.844489
West Midlands,Neoplasms,2019,3286.384359,150.9285927,155.2412543,3131.143122
West Midlands,other conditions,2019,15676.86458,190.4851984,11133.59975,4543.26604
Yorkshire and the Humber,Cardiovascular diseases,1990,6070.986797,327.7839767,350.6149497,5720.371885
Yorkshire and the Humber,Neoplasms,1990,4532.172078,191.714166,155.4873288,4376.684766
Yorkshire and the Humber,other conditions,1990,17070.66061,216.5109841,11106.99224,5963.669563
Yorkshire and the Humber,Cardiovascular diseases,1991,5871.739419,318.546785,346.4769761,5525.26248
Yorkshire and the Humber,Neoplasms,1991,4459.141577,189.2507464,157.2923107,4301.849283
Yorkshire and the Humber,other conditions,1991,16986.36777,214.7213351,11124.79342,5861.575553
Yorkshire and the Humber,Cardiovascular diseases,1992,5697.881455,310.3561058,342.323839,5355.557653
Yorkshire and the Humber,Neoplasms,1992,4426.885186,188.2019757,159.7544844,4267.130719
Yorkshire and the Humber,other conditions,1992,16765.63032,212.0102224,11140.54471,5625.086813
Yorkshire and the Humber,Cardiovascular diseases,1993,5510.054649,301.5287828,338.3097809,5171.744904
Yorkshire and the Humber,Neoplasms,1993,4342.913734,185.5818965,161.9406649,4180.973087
Yorkshire and the Humber,other conditions,1993,16749.50258,213.9279892,11154.50905,5594.994737
Yorkshire and the Humber,Cardiovascular diseases,1994,5282.775861,289.6665484,334.7044641,4948.071433
Yorkshire and the Humber,Neoplasms,1994,4285.853949,183.4641163,162.4027148,4123.451251
Yorkshire and the Humber,other conditions,1994,16736.83533,213.6332479,11166.34487,5570.491662
Yorkshire and the Humber,Cardiovascular diseases,1995,5137.364386,281.9465117,331.7390956,4805.625326
Yorkshire and the Humber,Neoplasms,1995,4258.863701,182.3327102,165.2262232,4093.637495
Yorkshire and the Humber,other conditions,1995,16734.28037,215.2784642,11168.28644,5565.995134
Yorkshire and the Humber,Cardiovascular diseases,1996,4950.508486,272.9058117,328.9746281,4621.533893
Yorkshire and the Humber,Neoplasms,1996,4197.166733,179.9473252,165.9812102,4031.18554
Yorkshire and the Humber,other conditions,1996,16751.03089,215.7067775,11183.93113,5567.100976
Yorkshire and the Humber,Cardiovascular diseases,1997,4756.470978,262.9061804,325.6961921,4430.774821
Yorkshire and the Humber,Neoplasms,1997,4120.188339,177.4719066,166.037113,3954.151244
Yorkshire and the Humber,other conditions,1997,16753.92116,215.8709392,11201.17377,5552.7486
Yorkshire and the Humber,Cardiovascular diseases,1998,4665.950779,258.0773239,322.1162692,4343.834544
Yorkshire and the Humber,Neoplasms,1998,4121.650332,178.0232123,168.8091083,3952.841242
Yorkshire and the Humber,other conditions,1998,16852.53613,218.4838805,11219.25168,5633.28566
Yorkshire and the Humber,Cardiovascular diseases,1999,4420.747725,244.4449426,318.2758157,4102.471944
Yorkshire and the Humber,Neoplasms,1999,4018.510416,173.8972941,168.853924,3849.656511
Yorkshire and the Humber,other conditions,1999,16785.65859,215.2187912,11233.74779,5551.912019
Yorkshire and the Humber,Cardiovascular diseases,2000,4164.038156,231.5288712,314.4234818,3849.614708
Yorkshire and the Humber,Neoplasms,2000,3903.811809,169.5323135,168.422172,3735.389655
Yorkshire and the Humber,other conditions,2000,16647.32576,209.9740876,11237.62935,5409.697616
Yorkshire and the Humber,Cardiovascular diseases,2001,4016.70621,224.2500017,309.0854434,3707.6208
Yorkshire and the Humber,Neoplasms,2001,3840.901869,167.7642226,168.9250294,3671.976858
Yorkshire and the Humber,other conditions,2001,16534.87374,205.7528505,11236.95542,5297.919532
Yorkshire and the Humber,Cardiovascular diseases,2002,3932.04936,221.023664,301.7473322,3630.302061
Yorkshire and the Humber,Neoplasms,2002,3859.043482,169.216119,172.1568821,3686.886618
Yorkshire and the Humber,other conditions,2002,16543.92198,207.5862251,11234.92059,5309.002607
Yorkshire and the Humber,Cardiovascular diseases,2003,3779.248825,212.9523861,293.8748976,3485.373959
Yorkshire and the Humber,Neoplasms,2003,3817.895589,167.9252701,174.2941708,3643.601437
Yorkshire and the Humber,other conditions,2003,16538.74678,207.7741433,11239.06025,5299.687743
Yorkshire and the Humber,Cardiovascular diseases,2004,3559.813632,200.410345,286.6158322,3273.197831
Yorkshire and the Humber,Neoplasms,2004,3740.927962,164.9180675,173.4173816,3567.510599
Yorkshire and the Humber,other conditions,2004,16393.96243,203.37836,11236.10365,5157.859997
Yorkshire and the Humber,Cardiovascular diseases,2005,3413.993445,190.8519076,281.4116221,3132.581853
Yorkshire and the Humber,Neoplasms,2005,3713.324705,163.4175961,174.6987065,3538.626017
Yorkshire and the Humber,other conditions,2005,16410.67163,202.5967619,11233.3134,5177.359442
Yorkshire and the Humber,Cardiovascular diseases,2006,3272.190729,182.0559812,277.7022157,2994.488543
Yorkshire and the Humber,Neoplasms,2006,3696.527452,162.5683521,176.2301758,3520.297296
Yorkshire and the Humber,other conditions,2006,16344.32365,200.5798483,11214.27311,5130.051749
Yorkshire and the Humber,Cardiovascular diseases,2007,3151.088431,175.4239756,274.3872306,2876.70123
Yorkshire and the Humber,Neoplasms,2007,3683.907641,162.6990616,177.5178117,3506.389848
Yorkshire and the Humber,other conditions,2007,16270.17794,200.1532806,11175.60363,5094.575518
Yorkshire and the Humber,Cardiovascular diseases,2008,3065.37098,169.8064059,271.5424887,2793.82852
Yorkshire and the Humber,Neoplasms,2008,3671.280195,162.2561083,180.7180875,3490.562127
Yorkshire and the Humber,other conditions,2008,16177.95029,199.1040506,11130.18087,5047.770624
Yorkshire and the Humber,Cardiovascular diseases,2009,2900.163572,160.2502197,269.4175386,2630.746063
Yorkshire and the Humber,Neoplasms,2009,3580.632424,158.7800442,179.4821512,3401.150292
Yorkshire and the Humber,other conditions,2009,15967.7891,193.7254627,11093.81167,4873.978625
Yorkshire and the Humber,Cardiovascular diseases,2010,2786.228117,154.3624552,268.0631615,2518.164984
Yorkshire and the Humber,Neoplasms,2010,3500.067731,156.2134241,178.6495227,3321.418228
Yorkshire and the Humber,other conditions,2010,15755.25384,190.1306575,11079.06249,4676.192538
Yorkshire and the Humber,Cardiovascular diseases,2011,2712.029512,151.5048574,267.1459687,2444.883572
Yorkshire and the Humber,Neoplasms,2011,3488.520696,156.8561392,178.5211348,3309.999581
Yorkshire and the Humber,other conditions,2011,15657.74267,190.0423795,11079.16107,4578.582799
Yorkshire and the Humber,Cardiovascular diseases,2012,2650.479352,150.2612933,266.3969319,2384.082449
Yorkshire and the Humber,Neoplasms,2012,3448.08472,156.511314,177.8974117,3270.187327
Yorkshire and the Humber,other conditions,2012,15564.27205,190.8296672,11077.33395,4486.939296
Yorkshire and the Humber,Cardiovascular diseases,2013,2599.7794,148.5840727,265.8196295,2333.9598
Yorkshire and the Humber,Neoplasms,2013,3412.086598,155.8638601,179.093064,3232.993554
Yorkshire and the Humber,other conditions,2013,15489.95279,191.0173914,11071.81257,4418.141411
Yorkshire and the Humber,Cardiovascular diseases,2014,2538.445417,144.7853333,265.4796542,2272.965791
Yorkshire and the Humber,Neoplasms,2014,3369.270285,154.2051536,178.8995781,3190.370726
Yorkshire and the Humber,other conditions,2014,15415.62479,189.0898431,11065.96829,4349.657696
Yorkshire and the Humber,Cardiovascular diseases,2015,2548.036285,144.613743,265.4086037,2282.62771
Yorkshire and the Humber,Neoplasms,2015,3391.935378,155.2573794,181.0085063,3210.926891
Yorkshire and the Humber,other conditions,2015,15496.15926,191.8057897,11059.47991,4436.680548
Yorkshire and the Humber,Cardiovascular diseases,2016,2513.469293,141.4239081,266.9966989,2246.472623
Yorkshire and the Humber,Neoplasms,2016,3370.330215,154.0962378,182.0502213,3188.280013
Yorkshire and the Humber,other conditions,2016,15397.96783,189.0048443,11059.63065,4338.338381
Yorkshire and the Humber,Cardiovascular diseases,2017,2529.384423,141.2385589,268.7043743,2260.680078
Yorkshire and the Humber,Neoplasms,2017,3392.627528,154.8594813,183.3268486,3209.3007
Yorkshire and the Humber,other conditions,2017,15382.69358,188.7103294,11063.79227,4318.902509
Yorkshire and the Humber,Cardiovascular diseases,2018,2558.514577,143.2686746,269.4098238,2289.104782
Yorkshire and the Humber,Neoplasms,2018,3408.014692,155.4781072,184.2286499,3223.786062
Yorkshire and the Humber,other conditions,2018,15406.33896,189.0142059,11088.85221,4317.487949
Yorkshire and the Humber,Cardiovascular diseases,2019,2571.875969,144.1922936,270.4795325,2301.396465
Yorkshire and the Humber,Neoplasms,2019,3418.273237,156.0623802,184.497995,3233.775262
Yorkshire and the Humber,other conditions,2019,15459.84945,188.7464283,11154.34842,4305.502238
